atleta_id;rodada_id;clube_id;posicao_id;pontos_num;preco_num;variacao_num
93790;1;373;4;0;4.18;-1.82
80076;1;373;5;9.5;10.79;4.79
71571;1;373;1;17;16.71;9.71
92696;1;293;5;3.3;9.96;-1.04
71631;1;275;1;6.5;18.45;-1.55
39148;1;282;5;12.4;17.68;4.68
38750;1;262;2;2.7;5.36;0.36
38394;1;293;3;4.7;9.54;0.54
87225;1;293;3;5.7;8.84;1.84
37245;1;354;6;3.94;8.31;0.31
42411;1;282;6;2.03;9.07;-1.93
86264;1;373;2;7.1;7.73;3.73
72294;1;282;1;1;9.75;-3.25
72588;1;327;6;1.66;3.94;-0.06
42500;1;264;2;2;11.14;-2.86
61033;1;265;4;-1.5;5.92;-4.08
78584;1;265;1;0;6;0
69102;1;282;5;0.8;6.82;-2.18
89493;1;282;3;-3.7;3.69;-5.31
70360;1;282;5;0;7;0
61188;1;265;5;1.3;4.39;-0.61
81798;1;265;5;9.6;12.25;4.25
73975;1;265;6;6.23;7.12;3.12
68808;1;265;2;0;9;0
87470;1;265;4;18;16.71;10.71
71162;1;354;4;0;18;0
72359;1;354;3;0;7;0
82564;1;315;3;1.6;4.59;-0.41
101201;1;354;5;0;3;0
102598;1;280;5;15;13.92;8.92
90031;1;354;5;0;8;0
97080;1;354;5;-1.6;2.37;-2.63
78851;1;354;1;0;6;0
71691;1;265;4;0;7;0
93108;1;264;4;0.8;6.13;-1.87
63172;1;1371;3;0;7;0
83817;1;1371;5;5.6;7.38;2.38
42234;1;264;1;1;11.14;-3.86
78715;1;264;4;-1.1;3.41;-2.59
90285;1;262;5;10.6;18.52;2.52
94286;1;315;5;2.9;6.2;0.2
86759;1;264;4;-0.4;3.9;-2.1
69345;1;262;2;7;11.84;1.84
71602;1;327;2;0;6;0
78435;1;262;5;0.2;5.01;-1.99
51772;1;262;4;0;8.35;-3.65
38229;1;264;2;0;11;0
83257;1;262;5;0;22;0
89256;1;262;4;2.8;10.3;-1.7
68923;1;264;3;-1.7;5.78;-4.22
73800;1;262;3;4.5;10.79;-0.21
97341;1;262;6;5.36;12.09;0.09
51413;1;1371;1;0.5;3.83;-1.17
38509;1;262;1;10;16.71;2.71
81682;1;266;4;-0.1;6.2;-2.8
38909;1;262;4;1;6.27;-1.73
85004;1;266;1;8;12.53;2.53
79437;1;266;6;4.07;7.01;1.01
78445;1;262;2;0;6;0
73465;1;266;3;6.2;11.28;1.28
38279;1;356;5;-1.4;4.59;-3.41
38913;1;266;4;-4.2;5.43;-6.57
38162;1;266;5;0;12;0
72372;1;356;1;0;6.27;-2.73
80853;1;284;3;-1.5;9.4;-5.6
87342;1;284;3;0;11;0
90309;1;356;5;5.3;8.56;1.56
82628;1;356;2;-0.9;4.25;-2.75
68911;1;284;5;0;19;0
68872;1;285;1;1;9.75;-3.25
101290;1;284;5;0;11;0
79113;1;285;3;-0.7;10.65;-5.35
37674;1;286;4;0;5;0
106305;1;285;6;1.99;6.96;-1.04
87098;1;286;5;11.4;10.72;6.72
83433;1;285;4;-0.3;9.54;-4.46
81031;1;286;6;2.76;4.01;1.01
82455;1;275;4;0.2;5.71;-2.29
82407;1;286;4;2.4;5.85;-0.15
98057;1;284;6;2.51;6.62;-0.38
94509;1;275;4;3;12.53;-2.47
98974;1;275;2;-2.5;9.4;-6.6
110506;1;275;6;2.78;10.29;-1.71
72772;1;275;5;1.7;8.15;-1.85
71684;1;275;3;1.2;12.67;-4.33
90264;1;327;5;3.4;7.24;0.24
87999;1;275;4;3.3;7.87;-0.13
86388;1;327;4;1.4;3.06;0.06
84847;1;277;3;1.3;6.47;-1.53
68952;1;277;5;6;20.19;-2.81
101708;1;277;2;1.8;8.91;-2.09
91783;1;327;2;-1.2;1.95;-2.05
78850;1;276;2;6.3;16.22;-0.78
80287;1;276;5;-0.3;12.32;-5.68
103912;1;276;6;5.53;10.81;0.81
38277;1;292;4;9.7;13.71;3.71
97317;1;327;4;-1.2;2.65;-2.35
101077;1;292;6;3.49;3.82;1.82
72580;1;327;1;2;5.57;-0.43
60825;1;327;5;5.1;6.34;2.34
90700;1;327;3;0;2.09;-0.91
81776;1;327;4;3.1;6.34;0.34
82381;1;327;4;0.7;3.97;-1.03
101314;1;327;5;2;6.27;-0.73
94068;1;327;5;0;3;0
88669;1;327;5;0;5;0
93550;1;276;4;0;9;0
96055;1;327;4;0;3;0
95352;1;276;2;0;9;0
71937;1;327;4;0;7;0
86970;1;327;3;-0.8;2.23;-1.77
99878;1;327;5;0;4;0
88916;1;292;1;0;6;0
102905;1;327;4;0;3;0
50645;1;327;2;0;5;0
82276;1;327;5;0;4;0
79334;1;327;3;0;3;0
104513;1;293;2;5.7;9.54;1.54
82609;1;327;5;0;1;0
80079;1;327;1;0;1;0
105889;1;327;4;-0.5;1.04;-0.96
103515;1;327;4;1.1;2.85;-0.15
95127;1;293;2;0;5;0
106704;1;327;5;0;2;0
93797;1;293;2;5;7.66;1.66
104095;1;327;2;0;1;0
111650;1;327;4;0;1;0
103773;1;327;2;0;1;0
101960;1;293;5;3.4;5.85;0.85
38315;1;293;4;-0.6;3.06;-1.94
69012;1;293;1;9;13.23;3.23
101681;1;327;1;0;1;0
108201;1;327;4;0;2;0
104502;1;293;4;6.5;8.7;2.7
94444;1;293;5;0.9;5.5;-1.5
106251;1;327;2;0;1;0
97879;1;293;4;0;2;0
42491;1;293;2;0;5;0
86711;1;293;4;-2.7;1.6;-3.4
109246;1;327;5;0;1;0
105301;1;280;5;0;4;0
69705;1;293;4;-1.9;6.34;-4.66
68835;1;286;5;0;5;0
95494;1;293;3;0;4;0
102253;1;293;3;0;4;0
104420;1;293;5;0;3;0
105909;1;293;5;0;3;0
106835;1;293;3;0;2;0
111578;1;293;6;4.97;6.94;1.94
81585;1;293;4;0;5;0
78497;1;373;2;7;6.96;3.96
71479;1;293;4;0;5;0
91639;1;373;2;11.7;9.54;7.54
86444;1;373;5;0;3;0
86770;1;373;4;5.5;7.31;2.31
90917;1;293;5;6.8;8.91;2.91
92146;1;373;5;0;4;0
94514;1;373;3;0;4;0
72595;1;373;1;0;3;0
70986;1;293;4;0;5.57;-2.43
96328;1;373;4;0;2;0
91866;1;293;3;0;3;0
87262;1;373;4;2.2;4.32;0.32
102457;1;373;4;0;2;0
96966;1;373;5;0;5;0
105208;1;293;1;0;3;0
95794;1;373;3;4.2;5.01;2.01
91203;1;373;3;4.6;5.99;1.99
97133;1;373;2;8.3;10.65;3.65
98022;1;293;2;0;5;0
38545;1;275;4;2;6.96;-1.04
38311;1;292;4;0;4;0
97245;1;373;5;0;5;0
38588;1;1371;5;8.5;10.79;3.79
99440;1;373;4;0;2.09;-0.91
96652;1;282;4;-1;4.18;-2.82
89273;1;265;2;0;4;0
97899;1;265;2;5.3;7.87;1.87
105809;1;373;3;0;1;0
42145;1;266;2;5.6;9.47;1.47
97425;1;282;3;0;3;0
97321;1;265;5;0;3;0
38939;1;276;2;0;11;0
106826;1;276;5;0;4;0
98672;1;282;5;-0.2;6.82;-3.18
100943;1;265;3;4.7;7.45;1.45
38877;1;282;2;0;5;0
72018;1;276;1;17.5;20.54;8.54
39656;1;282;4;0;4;0
52253;1;282;3;0;8;0
107854;1;373;4;0;1;0
68727;1;282;2;0;6;0
101484;1;265;4;0.4;4.46;-1.54
100079;1;282;4;0;4.87;-2.13
91521;1;276;5;1.1;6.34;-1.66
101717;1;282;5;1.6;5.29;-0.71
70784;1;276;5;3.2;6.4;0.4
38144;1;284;2;0;16;0
105294;1;265;4;-1.9;2.16;-2.84
97645;1;276;1;0;1;0
101319;1;282;2;2.4;7.24;-0.76
91260;1;276;1;0;3;0
38196;1;284;4;0;7;0
85931;1;282;4;0.4;6.54;-2.46
68928;1;282;1;0;5;0
38138;1;264;5;0.7;6.06;-1.94
81091;1;282;4;0;7;0
90590;1;265;1;9;7.66;5.66
104655;1;282;5;0;2;0
86485;1;282;5;0;16;0
92182;1;265;3;13.4;12.81;7.81
106843;1;282;4;0;2;0
109463;1;282;5;1.9;3.41;0.41
109461;1;282;4;0;3;0
93653;1;265;5;-1;2.09;-1.91
93791;1;265;4;6.4;7.24;3.24
86686;1;282;4;1.8;8.22;-1.78
82634;1;265;4;-0.5;3.13;-1.87
85586;1;265;4;-0.1;2.72;-1.28
87009;1;282;4;0;4.18;-1.82
80189;1;265;3;0;6;0
97062;1;265;4;0;8;0
87393;1;282;3;0;6;0
86863;1;265;3;0;5;0
100084;1;276;4;0.2;5.71;-2.29
94968;1;265;2;0;5;0
88312;1;282;3;0.6;8.77;-3.23
102909;1;276;4;0.9;5.5;-1.5
101728;1;276;3;0;4;0
100763;1;276;4;-1.1;5.5;-3.5
73620;1;276;3;5.9;10.37;1.37
100761;1;276;4;-0.3;3.97;-2.03
91573;1;276;3;0;9;0
38141;1;276;3;7.4;10.72;2.72
104074;1;276;3;0;3;0
100333;1;276;5;0;2;0
87552;1;276;5;0;6;0
69138;1;276;5;1;5.57;-1.43
38133;1;280;1;0;4;0
101715;1;280;5;0;7;0
53148;1;280;5;7.8;11;3
38648;1;276;4;0;7;0
61141;1;280;3;0;6;0
42259;1;276;4;0;4;0
92811;1;276;5;0;3;0
106824;1;276;2;0;3;0
62024;1;280;2;0;5;0
84674;1;280;4;14.6;14.34;8.34
85856;1;280;4;-0.2;4.04;-1.96
108713;1;276;5;0;3;0
106822;1;276;4;0;5;0
93637;1;280;5;0;5;0
101398;1;280;5;0;2;0
103295;1;280;4;5.3;6.47;2.47
95466;1;276;2;7.5;8.7;3.7
88423;1;280;2;7.4;10.72;2.72
95770;1;280;4;0;4;0
100103;1;280;5;0.8;3.34;-0.66
90768;1;280;3;13.7;12.32;8.32
98909;1;280;5;2.2;3.62;0.62
104017;1;280;1;0;1;0
91702;1;280;5;0;3;0
104500;1;280;5;0;2;0
100848;1;280;2;7.9;8.98;3.98
90846;1;354;3;0;4;0
103695;1;280;4;0;3;0
87691;1;315;4;0.7;1.88;-0.12
104625;1;280;2;0;3;0
84428;1;354;4;0;14;0
94138;1;354;5;0;5;0
62114;1;285;5;2.5;10.09;-1.91
94288;1;315;4;1.9;2.72;0.72
96340;1;354;4;0;9;0
96342;1;354;4;-1.1;2.72;-2.28
98412;1;315;1;2;4.18;0.18
92193;1;315;4;1.9;4.11;0.11
94297;1;354;4;0;3;0
98419;1;315;4;4.2;4.32;2.32
99151;1;354;3;0;1;0
91130;1;315;5;0;1;0
101422;1;315;5;-0.2;1.95;-1.05
98274;1;354;5;7.1;8.42;3.42
101709;1;354;3;0;2;0
98529;1;354;4;5.2;6.4;2.4
97535;1;315;3;0;2;0
102464;1;354;2;-0.8;1.53;-1.47
78248;1;262;3;0;5;0
98945;1;315;3;-0.4;1.11;-0.89
101729;1;315;5;0;3;0
101585;1;315;4;0;3;0
104080;1;354;1;0;1;0
104125;1;354;5;11.4;12.81;5.81
102563;1;315;5;0;1;0
92291;1;262;3;0;5;0
68770;1;264;4;0.7;3.97;-1.03
93834;1;315;1;0;5;0
84263;1;264;3;0;7;0
104459;1;354;5;12.2;10.58;7.58
105584;1;264;2;3.5;5.22;1.22
89637;1;262;4;0;7;0
97450;1;264;5;1.9;6.2;-0.8
101421;1;315;1;0;1;0
98333;1;262;1;0;2;0
105336;1;354;4;0;1;0
78605;1;264;4;0;6;0
91708;1;266;3;7.7;10.93;2.93
94306;1;266;3;0;2;0
105585;1;264;4;2.3;3.69;0.69
102318;1;266;5;9;8.35;5.35
105612;1;266;4;0;3;0
104664;1;264;5;0;2;0
108176;1;354;3;2.8;3.34;1.34
99392;1;262;5;0.7;3.27;-0.73
108329;1;315;4;0;3;0
105503;1;354;2;0;1;0
109573;1;266;4;0.3;6.47;-2.53
104276;1;266;2;0;11;0
38632;1;266;3;0;5;0
82640;1;292;5;2.5;4.53;0.53
110759;1;266;5;0;4;0
98952;1;264;5;0;5;0
72142;1;264;3;0;5;0
102067;1;264;4;0;3;0
50317;1;266;3;0;5;0
111829;1;266;5;1;4.87;-1.13
106940;1;286;5;0;1;0
69014;1;266;3;0;6;0
62129;1;266;4;0;2.78;-1.22
85315;1;264;4;0.3;4.39;-1.61
87747;1;266;4;0.6;4.59;-1.41
82792;1;280;6;8.74;10.96;3.96
95799;1;280;5;2;7.66;-1.34
92496;1;280;4;0;5;0
93882;1;280;1;7;7.66;3.66
74159;1;266;5;0.7;4.66;-1.34
83004;1;264;4;0;8;0
50324;1;266;4;0;5;0
103992;1;315;2;0;1;0
102352;1;264;4;-2.6;0.97;-3.03
62977;1;266;4;0;5;0
102997;1;315;4;0;2;0
107013;1;315;4;0;2;0
106819;1;354;1;0;0.7;-0.3
104079;1;262;1;0;1;0
69214;1;315;5;0.3;4.39;-1.61
78991;1;315;4;-0.7;2.3;-1.7
111279;1;315;2;0;1;0
107107;1;262;3;0;2;0
101574;1;262;1;0;6;0
112108;1;315;3;0;1;0
70132;1;315;4;0;3;0
107109;1;262;4;0;5;0
68929;1;315;5;0;4;0
78478;1;262;3;6.9;11.07;2.07
101727;1;262;2;0;4;0
107111;1;262;4;0;2;0
42140;1;315;3;0;4;0
94583;1;262;5;8.2;12.67;2.67
50427;1;315;3;0;3;0
90569;1;1371;4;0;3;0
109127;1;315;3;0;1;0
103700;1;264;3;0;5;0
82943;1;315;2;0.3;1.6;-0.4
80318;1;315;2;0;3;0
107203;1;262;4;0;2;0
87228;1;282;2;3.9;8.98;-0.02
83528;1;262;3;0;4;0
97537;1;315;2;1;2.78;-0.22
72389;1;315;5;0.1;2.16;-0.84
80779;1;315;3;0;3;0
101597;1;262;2;0;3;0
73896;1;315;5;1.5;3.83;-0.17
104282;1;262;5;0;2;0
107112;1;262;5;-0.5;2.44;-1.56
111282;1;315;1;0;1;0
97867;1;280;3;5;6.96;1.96
84342;1;266;5;0.5;5.92;-2.08
78151;1;315;1;0;3;0
73384;1;266;2;5.3;8.56;1.56
111281;1;315;1;0;1;0
101594;1;262;4;0;2.78;-1.22
107543;1;280;2;0;3;0
81951;1;266;2;0;4;0
107110;1;280;3;4.5;7.31;1.31
61149;1;266;5;0;5;0
69041;1;266;1;0;4;0
84382;1;266;2;0;6;0
109426;1;280;2;0;4;0
106299;1;280;3;0;3;0
77544;1;354;4;10.2;9.89;5.89
108385;1;280;3;0;2;0
60859;1;354;5;0;6;0
83266;1;277;5;0.7;3.97;-1.03
69051;1;285;1;0;4;0
75295;1;285;5;0;13;0
106821;1;285;5;0;3;0
90444;1;285;2;-0.5;5.22;-2.78
73992;1;262;2;0;6;0
80393;1;354;4;0;6;0
96725;1;285;2;0.3;7.17;-2.83
86841;1;285;4;0;9;0
71113;1;354;4;0;3;0
81881;1;354;1;-0.5;3.13;-1.87
63354;1;285;3;0;7;0
87402;1;354;3;-2.9;2.16;-3.84
72362;1;285;4;8.8;9.61;4.61
100652;1;285;5;-0.6;3.76;-2.24
81952;1;354;4;0.5;1.74;-0.26
104649;1;285;2;0;4;0
88368;1;354;2;0;5;0
78865;1;285;4;0;7;0
90061;1;354;2;0;7;0
105839;1;285;2;0;2;0
100846;1;275;2;0;3;0
107172;1;275;4;-0.4;4.59;-2.41
107231;1;275;4;1.4;5.85;-1.15
78580;1;1371;5;11.8;10.3;7.3
100987;1;285;4;-0.7;2.3;-1.7
88427;1;354;4;0;4;0
88544;1;354;2;-1.9;0.7;-0.3
77570;1;1371;4;0;4;0
81898;1;1371;5;0;3;0
103088;1;285;3;-4.3;0.7;-4.3
95638;1;356;3;1.2;5.01;-0.99
105647;1;285;4;1.5;3.83;-0.17
104096;1;286;1;0;1;0
71844;1;285;5;0;10.44;-4.56
106000;1;285;4;0;1;0
63289;1;285;4;12.9;18.03;5.03
105840;1;285;3;0;3;0
105902;1;285;3;0;4;0
78867;1;1371;4;1.4;3.76;-0.24
107744;1;285;4;0.7;5.36;-1.64
106002;1;285;4;0;3;0
96468;1;285;1;0;3;0
102302;1;1371;5;-0.1;1.32;-0.68
72007;1;1371;4;0;4;0
104519;1;1371;4;3.3;4.39;1.39
103767;1;275;4;7.6;12.95;1.95
105811;1;275;5;-1.3;4.66;-3.34
103764;1;275;5;0;5;0
63194;1;356;2;0;6;0
104401;1;286;3;0.4;0.97;-0.03
98289;1;284;5;0;5;0
103099;1;356;4;5;6.96;1.96
107745;1;285;5;3;5.57;0.57
105837;1;284;5;0;2.09;-0.91
110303;1;356;5;0;3;0
107658;1;286;1;0;1;0
104593;1;284;4;0;4;0
110568;1;285;5;-1.7;2.99;-3.01
106681;1;284;5;-0.1;1.32;-0.68
84339;1;356;2;-0.6;3.76;-2.24
106820;1;284;5;5.8;8.22;2.22
68817;1;284;3;0;4;0
78855;1;284;4;-1.6;2.37;-2.63
107754;1;1371;5;5.7;6.06;3.06
107750;1;284;2;10.2;10.58;5.58
68873;1;284;1;0;4;0
110689;1;285;5;0;2;0
107797;1;284;4;0;2;0
70916;1;284;2;0.5;5.92;-2.08
84523;1;356;5;1.9;5.5;-0.5
81845;1;284;4;0;7;0
79701;1;284;4;0.2;3.62;-1.38
84817;1;356;5;7.4;10.03;3.03
86973;1;284;2;0;5;0
112612;1;1371;5;0;2;0
71618;1;1371;3;-1;2.78;-2.22
91201;1;284;5;0;10;0
111813;1;284;5;9.8;9.61;5.61
112616;1;284;1;0;1;0
91733;1;356;4;2.5;5.22;0.22
91251;1;284;3;0;4;0
70666;1;1371;3;0.8;3.34;-0.66
37788;1;356;1;0;3;0
78086;1;262;1;0;3;0
98832;1;284;4;1;6.96;-2.04
72079;1;284;2;1.7;5.36;-0.64
70934;1;356;3;0;4;0
86143;1;356;3;0;3;0
94916;1;282;4;0.4;14.9;-6.1
92630;1;280;4;3.1;14.69;-3.31
69010;1;1371;1;0;3;0
100107;1;284;4;0;5;0
56102;1;286;4;4;6.27;1.27
87929;1;356;4;4.8;6.82;1.82
87863;1;262;4;4.9;13.85;-1.15
100742;1;284;4;6.9;10.37;2.37
70046;1;284;2;0;6;0
99918;1;284;4;0;3;0
60852;1;1371;2;-0.4;3.2;-1.8
88597;1;356;4;1.1;2.16;0.16
100830;1;284;1;0;5.57;-2.43
77959;1;277;5;0;3;0
50301;1;284;4;0;5;0
91689;1;356;4;-0.1;2.72;-1.28
100842;1;284;3;-0.2;1.95;-1.05
108799;1;286;1;0;1;0
70925;1;286;4;8.6;8.08;5.08
91607;1;275;5;1.7;9.54;-2.46
69054;1;286;1;-1.5;2.44;-2.56
109703;1;286;3;0;2;0
93988;1;275;5;0;6;0
71719;1;286;4;0;2.78;-1.22
42116;1;275;5;0;9;0
111333;1;286;5;-0.1;1.32;-0.68
111721;1;286;2;0;2;0
94044;1;277;1;0;6;0
90566;1;277;4;0;2;0
77931;1;286;4;0;4;0
111332;1;286;4;0;1;0
100844;1;265;4;0;1.39;-0.61
93377;1;277;4;0;6;0
78424;1;286;4;0;5;0
72290;1;275;1;0;4;0
99253;1;292;3;0;2;0
99119;1;277;5;-0.8;3.62;-2.38
104075;1;292;3;0.9;4.8;-1.2
80281;1;286;3;0;4;0
81150;1;275;2;0;6;0
104217;1;292;4;0;2;0
62086;1;277;2;-0.1;4.8;-2.2
101600;1;277;3;0;3;0
105175;1;293;2;4.1;4.94;1.94
69040;1;277;1;0;3;0
101580;1;277;4;0;2;0
63013;1;275;2;0;10;0
73974;1;277;4;0.6;3.9;-1.1
86410;1;275;2;2.2;5.01;0.01
82764;1;286;3;0.1;2.85;-1.15
85425;1;277;1;-3;3.48;-4.52
103766;1;275;5;0;2;0
106082;1;292;2;0;3;0
99034;1;292;2;0;1;0
79035;1;277;3;0;4;0
82876;1;292;4;0;5;0
80583;1;275;4;0;5;0
81677;1;277;4;0;10;0
96633;1;292;4;0;2;0
78077;1;277;2;0.7;3.97;-1.03
84926;1;286;4;0;1;0
83048;1;292;3;0.6;3.2;-0.8
78548;1;277;4;4.2;6.4;1.4
78856;1;292;4;0.9;4.8;-1.2
107954;1;277;5;0;2;0
83772;1;292;5;0;6;0
80573;1;1371;3;0;4;0
95803;1;286;5;0;3;0
86797;1;277;5;0;5;0
85149;1;292;4;0;4;0
86777;1;275;4;0;4;0
86391;1;292;2;-1.7;2.99;-3.01
85083;1;275;1;0;3;0
101798;1;286;4;3.7;4.66;1.66
103445;1;277;5;0.8;5.43;-1.57
86859;1;292;4;0;2.78;-1.22
104580;1;277;4;0;5;0
96791;1;1371;3;0;2;0
93716;1;286;2;-0.2;0.7;-0.3
80692;1;275;3;0.9;4.11;-0.89
82775;1;1371;2;0.2;2.23;-0.77
96382;1;356;3;0;5;0
87679;1;292;5;0;4;0
105111;1;277;5;0;4;0
89226;1;292;3;0;7;0
97543;1;1371;1;0;1;0
94894;1;286;5;6.3;8.56;2.56
90416;1;292;1;0;2;0
102330;1;286;2;-2;1.39;-2.61
105547;1;1371;4;0;2;0
89343;1;292;2;3.3;5.78;0.78
88033;1;275;3;3.1;5.64;0.64
42222;1;356;5;0;6;0
106629;1;277;3;0;2;0
105899;1;277;4;0;3;0
101595;1;356;4;0;3;0
90901;1;292;5;1.5;3.13;0.13
101483;1;356;5;0;5;0
108779;1;1371;5;0;2;0
111112;1;1371;3;0;2;0
95335;1;286;4;0;5;0
91242;1;292;5;0;4;0
92225;1;292;4;0;5;0
91191;1;356;4;0;4;0
91151;1;292;5;0;5;0
73619;1;356;5;0;4;0
109497;1;277;5;0;3.48;-1.52
95356;1;292;4;0;3;0
42474;1;286;2;0;3.48;-1.52
90715;1;284;5;0;5;0
98619;1;275;3;0;5;0
101885;1;292;5;0;5;0
84338;1;356;1;0;2;0
88225;1;356;2;-0.5;2.44;-1.56
110415;1;277;5;-0.2;1.95;-1.05
109830;1;277;3;0;2;0
85626;1;276;2;9.6;9.47;5.47
98034;1;292;1;0;2.09;-0.91
98760;1;356;4;0;3;0
102292;1;292;5;1.1;3.55;-0.45
110605;1;277;4;0;4;0
102299;1;292;5;0.5;3.83;-1.17
102907;1;265;1;0;3;0
110607;1;277;4;0.5;3.13;-0.87
109563;1;1371;3;0;2;0
60969;1;292;2;0;7;0
100741;1;284;2;0;2;0
107195;1;293;5;0;1;0
68832;1;292;4;1.8;3.34;0.34
111636;1;277;2;0;1;0
104153;1;264;4;0;1;0
107795;1;284;5;0;2;0
102301;1;293;4;0;3;0
111832;1;266;2;0;2;0
100969;1;356;4;0;3;0
62020;1;284;5;0;17;0
106219;1;293;4;0;1;0
110708;1;266;1;0;1;0
111891;1;264;2;0;1;0
102038;1;293;4;0;1;0
95820;1;264;3;0;2;0
104250;1;264;3;0;5;0
109389;1;264;3;1.4;3.06;0.06
102878;1;293;4;4.8;6.82;1.82
104257;1;1371;2;-1;0.7;-1.3
98224;1;293;4;0;2;0
106047;1;264;6;0.84;4.76;-1.24
109588;1;264;4;0;3;0
111834;1;266;5;0;1;0
111682;1;264;4;0.4;1.67;-0.33
103523;1;315;3;0;2;0
105807;1;266;3;0;1;0
95058;1;277;2;0;3;0
107225;1;275;2;0;1;0
110916;1;373;5;3;2.78;1.78
110633;1;292;4;6.5;5.92;3.92
102906;1;293;1;0;2;0
109639;1;280;5;0;2.78;-1.22
107501;1;284;4;0;1;0
107236;1;275;2;0;1;0
91856;1;292;2;1.5;3.13;0.13
107238;1;275;5;0;1;0
50353;1;356;3;2.2;4.32;0.32
95126;1;293;5;0;1;0
109963;1;275;3;0;4;0
113252;1;327;4;0;1;0
113251;1;327;3;0;1;0
110603;1;275;5;0;1;0
110725;1;275;4;0;1;0
110760;1;266;4;3.3;4.39;1.39
104127;1;265;2;5.4;5.15;3.15
110270;1;264;4;0;2;0
105176;1;327;5;0;3;0
111637;1;277;3;1.4;3.76;-0.24
111695;1;373;5;-1.1;0.7;-1.3
111652;1;264;5;0;3;0
105411;1;265;5;0;2;0
111760;1;275;4;0;1;0
77774;1;373;6;7.18;7.09;4.09
113159;1;275;3;0;1;0
108539;1;264;1;0;1;0
107963;1;265;3;0;2;0
110948;1;354;5;0;0.7;-0.3
109618;1;373;1;0;2;0
86864;1;327;2;3.1;4.25;1.25
113253;1;293;5;0;3;0
107179;1;264;1;0;2;0
100290;1;277;5;0;2;0
106371;1;284;4;-5.1;0.7;-1.3
111407;1;264;4;0;2;0
112567;1;275;5;0;1;0
105629;1;266;1;0;2;0
111176;1;327;5;0;1;0
80196;1;356;4;15.3;14.83;8.83
113250;1;327;1;0;1;0
101912;1;277;4;0;3;0
103706;1;282;4;0;1;0
103261;1;276;3;0;3;0
111097;1;373;5;0;1;0
111759;1;275;5;0;1;0
72391;1;277;6;1.26;4.36;-0.64
111466;1;292;2;0;1;0
104754;1;356;6;3.93;5.52;1.52
80664;1;286;2;-2.2;1.25;-2.75
112060;1;354;5;2.7;2.58;1.58
103777;1;275;4;0;1;0
111406;1;264;4;0;2;0
98740;1;286;5;-0.5;2.44;-1.56
107044;1;266;5;0;1;0
105901;1;265;4;0;4;0
110193;1;262;5;0;2;0
113295;1;327;3;0;1;0
109282;1;266;5;0.9;4.11;-0.89
101573;1;1371;4;4.8;6.82;1.82
110745;1;277;4;0;2;0
107186;1;293;2;0;2;0
107228;1;275;3;0;1;0
92708;1;275;5;0;5;0
107498;1;266;4;0;3;0
101054;1;1371;5;0;2.09;-0.91
111697;1;1371;3;0;1;0
92180;1;315;6;0;2.47;0
98500;1;315;5;0;3;0
107183;1;293;1;0;1;0
111694;1;262;5;0;1;0
106830;1;276;4;0;2;0
104383;1;282;1;0;2;0
98822;1;1371;2;0;2;0
78504;1;1371;4;0;2;0
108355;1;286;4;0;3;0
110598;1;275;5;0;1;0
96684;1;276;5;0;5;0
110917;1;373;2;0;1;0
110189;1;262;3;0;2;0
110465;1;262;4;0;1;0
112708;1;327;3;0;1;0
111547;1;1371;6;0;3.93;0
111175;1;327;3;0;1;0
113558;1;280;5;0;1;0
104521;1;277;4;0;3;0
101716;1;286;4;0;4;0
104362;1;356;5;0;2;0
100840;1;284;3;0;2;0
105635;1;293;4;0;1;0
107800;1;284;4;0;1;0
102796;1;293;5;0;1;0
107792;1;284;3;0;1;0
111594;1;282;3;0;2;0
71505;1;1371;5;0;1;0
95121;1;1371;1;0;2;0
111172;1;327;1;0;1;0
68690;1;292;5;9.3;10.65;4.65
111683;1;285;1;0;1;0
111098;1;373;4;0;1;0
73332;1;1371;3;0;3;0
101733;1;265;4;0;1;0
110624;1;275;1;0;1;0
63110;1;327;2;0.1;2.85;-1.15
107742;1;285;3;0;1;0
111831;1;266;5;0;1;0
91808;1;264;1;0;2;0
107741;1;285;2;0;1;0
102295;1;275;5;0;2;0
101431;1;277;3;0;3;0
107991;1;293;4;0;3;0
97520;1;276;4;1.9;4.11;0.11
110885;1;275;4;0;1;0
86629;1;373;2;0;2;0
108424;1;373;1;0;1;0
111534;1;292;3;0;1;0
